{"cameraMode":{"drawMode":0,"name":"Shaded","section":"Shading Mode"},"sceneLighting":false,"audioPlay":false,"sceneViewState":{"showFog":true,"showMaterialUpdate":false,"showSkybox":false,"showFlares":true,"showImageEffects":true,"showParticleSystems":true},"in2DMode":false,"pivot":{"x":1.3141652345657349,"y":-0.13427734375,"z":3.090775966644287},"rotation":{"x":0.709022045135498,"y":-0.002753749955445528,"z":0.0027691966388374569,"w":0.7051864266395569},"size":10.166329383850098,"orthographic":true}