{"cameraMode":{"drawMode":0,"name":"Shaded","section":"Shading Mode"},"sceneLighting":false,"audioPlay":false,"sceneViewState":{"showFog":true,"showMaterialUpdate":false,"showSkybox":false,"showFlares":true,"showImageEffects":true,"showParticleSystems":true},"in2DMode":false,"pivot":{"x":0.5402558445930481,"y":-0.1171875,"z":-1.1081297397613526},"rotation":{"x":0.709022045135498,"y":-0.002753749955445528,"z":0.0027691966388374569,"w":0.7051864266395569},"size":9.29076099395752,"orthographic":true}