{"cameraMode":{"drawMode":0,"name":"Shaded","section":"Shading Mode"},"sceneLighting":false,"audioPlay":false,"sceneViewState":{"showFog":true,"showMaterialUpdate":false,"showSkybox":false,"showFlares":true,"showImageEffects":true,"showParticleSystems":true},"in2DMode":false,"pivot":{"x":0.1492735892534256,"y":1.699731469154358,"z":-0.686301589012146},"rotation":{"x":-0.010283214971423149,"y":0.6028232574462891,"z":0.007771622389554977,"w":0.7977753281593323},"size":4.800057411193848,"orthographic":false}