{"cameraMode":{"drawMode":0,"name":"Shaded","section":"Shading Mode"},"sceneLighting":false,"audioPlay":false,"sceneViewState":{"showFog":true,"showMaterialUpdate":false,"showSkybox":false,"showFlares":true,"showImageEffects":true,"showParticleSystems":true},"in2DMode":false,"pivot":{"x":0.3926424980163574,"y":0.4296875,"z":0.5773901343345642},"rotation":{"x":0.709022045135498,"y":-0.002753749955445528,"z":0.0027691966388374569,"w":0.7051864266395569},"size":21.42926597595215,"orthographic":true}