{"cameraMode":{"drawMode":0,"name":"Shaded","section":"Shading Mode"},"sceneLighting":false,"audioPlay":false,"sceneViewState":{"showFog":true,"showMaterialUpdate":false,"showSkybox":false,"showFlares":true,"showImageEffects":true,"showParticleSystems":true},"in2DMode":false,"pivot":{"x":4.69412899017334,"y":1.0211894512176514,"z":-2.162794589996338},"rotation":{"x":0.5145422220230103,"y":-0.2730546295642853,"z":0.17710618674755097,"w":0.7932981252670288},"size":1.3918530941009522,"orthographic":false}