{"cameraMode":{"drawMode":0,"name":"Shaded","section":"Shading Mode"},"sceneLighting":false,"audioPlay":false,"sceneViewState":{"showFog":true,"showMaterialUpdate":false,"showSkybox":false,"showFlares":true,"showImageEffects":true,"showParticleSystems":true},"in2DMode":false,"pivot":{"x":-0.26473861932754519,"y":60.838584899902347,"z":-16.87298011779785},"rotation":{"x":0.02549583837389946,"y":0.9708521366119385,"z":-0.12032626569271088,"w":0.20571298897266389},"size":85.33551025390625,"orthographic":false}