{"cameraMode":{"drawMode":0,"name":"Shaded","section":"Shading Mode"},"sceneLighting":false,"audioPlay":false,"sceneViewState":{"showFog":true,"showMaterialUpdate":false,"showSkybox":false,"showFlares":true,"showImageEffects":true,"showParticleSystems":true},"in2DMode":false,"pivot":{"x":-1.9524621963500977,"y":-3.092085361480713,"z":-1.207927942276001},"rotation":{"x":0.42787283658981326,"y":-0.4167712926864624,"z":0.23230595886707307,"w":0.7676358222961426},"size":2.709486722946167,"orthographic":false}