{"cameraMode":{"drawMode":0,"name":"Shaded","section":"Shading Mode"},"sceneLighting":true,"audioPlay":false,"sceneViewState":{"showFog":true,"showMaterialUpdate":false,"showSkybox":true,"showFlares":true,"showImageEffects":true,"showParticleSystems":true},"in2DMode":false,"pivot":{"x":0.6723988652229309,"y":-11.869662284851075,"z":-2.5722908973693849},"rotation":{"x":0.7228336334228516,"y":-0.0020730597898364069,"z":0.002168497070670128,"w":0.6910166144371033},"size":22.0,"orthographic":false}