{"cameraMode":{"drawMode":0,"name":"Shaded","section":"Shading Mode"},"sceneLighting":false,"audioPlay":false,"sceneViewState":{"showFog":true,"showMaterialUpdate":false,"showSkybox":false,"showFlares":true,"showImageEffects":true,"showParticleSystems":true},"in2DMode":false,"pivot":{"x":-3.1741538047790529,"y":48.373470306396487,"z":-14.730968475341797},"rotation":{"x":0.02549583837389946,"y":0.9708521366119385,"z":-0.12032626569271088,"w":0.20571298897266389},"size":91.42050170898438,"orthographic":false}